_id,label
SqCDoL9cHa7bnEWyb,other
ZJpPvxXdimPgxFp2j,organization
z3J439wF8Xk8qSZku,organization
6i5qyvCbrMsBLj3Z4,other
AFgvA9imsT6bww8E3,other
x5czbdCW6SqnLJhbD,organization
SbMfbYnMyFYX6acZ2,organization
f7qAfcKArzYrBG7RB,organization
TfPdb2aMKzgWXFvc3,project
jatnoouJuCpcKpnoh,organization
ozm4SpiChfAAAGnw5,organization
ZBuNBAjwLFhfpGgzj,other
5HEFJKHGpcT49RK6y,organization
MEfEsQ9yeB7fhMJTq,organization
zqRDNChFburJMmpqK,organization
7e3ebTuhxc682qs29,organization
67awq5ozeYSjsYchk,project
2vxNfQjLxFvjL5Mkc,project
giKLP5snkAiKGut4t,project
RqXrdKwRHyQkYTE4e,other
wpQ2qhF8Z6oonsaPX,organization
QJWBAKsnFWerZ5ybE,other
nhPhhBwLob9rF2q9s,other
tZPhGayhTmdEiTrHy,other
ExkTWontwrYAPxGEs,organization
rKJFQebqxXh4Thf9F,organization
fqCP7cHwjcQCi42gh,organization
k8adLKtEBJw7QWPK5,other
jzikTHMSpckYg9ZPp,organization
vxwcxwiDKCnyHJhbz,organization
gFxgPhn3myvjo7NSo,project
zTmxvDQ46tDz4JYDL,project
6kFcr6L2jZhcsZnao,other
wYaSxg4uGFLz4kJ6d,other
ohrmN8Y6LKJii8qA7,project
hJNPrWiz8cEhGeJdB,organization
TFDTKfemMnGbKp3YG,project
toDKgyu3HdzKyQHPb,other
ipWNDXTdXgDfSw6fu,organization
DDsTgC59MER7cPiRh,other
FxioucsYBENvp7KEH,project
D5RdHgzeczrDKKywH,organization
KrjyrsRky5JL4P5MF,other
gNHjEmLeKM47FDdqM,organization
TT3gNbA534C7HNBCF,project
Ya8THw57ZPQTetv48,other
9gLtXR6KkZEYie8Au,other
Mts84Mv5cFHRYBBA8,project
9RYvJu2iNJMXgWCBn,other
jvs9HhcpW5pMdAXdB,organization
YNP9MZj5qqr46zsj7,other
W54QQSghCEioADCMt,organization
GCAbm8Mjg8jnK6gNb,other
gqAzR4BjbrNjzgcDf,organization
i2Q3DTsQq9THhFEgR,project
FJsk9i9c9zLC7eKLF,other
Ckont9EtqkenegLYv,other
QpGibphc3ECSwmZCC,other
z79ycP5jCDks4LPxA,organization
4QGhyXjXM4yJBvNap,organization
M2KrWyG2X8iQaHGJv,organization
eKK2ryF9cDmvyAW33,organization
NnrHvJALEKH4Ykzyt,other
kK9WfSr52hwqhHXHp,organization
WXjtCF6yKWpBrmzt7,other
fDpvqSa6K3TjmxBr7,other
fPser4Fppw2CEgent,organization
eKn7TDxMSSsoHhcap,organization
fX8JsabQyRSd7zWiD,organization
tEo5oXeSNcB3sYr8m,project
cFfc2a7YWNYn33qr7,project
eMyDQZ53M9pTmJfMq,organization
acBujAbWrpCGaC75g,organization
Fm3HWDZKtwdkvBzGL,organization
xnLwyRAAJjGRk6FSn,organization
rq6rh7BfzGzKkb7MM,organization
3QufK3jjQ5aqksaJu,organization
fd96FtLFACeAshqJP,organization
PvBLDPkqKvdHQkKPn,project
sXbyKbm2kFSxH8ked,other
oHQCPtyA5kSMu7o5p,organization
HW2xZcPBmZ2upWjFt,other
igjJ3LrgrfWNm5Zzq,organization
5nCijr7A9MfZ48o6f,project
iMofrSc86iSR7EiAG,organization
LLAffXYqtYdWJ4fwr,project
k8adLKtEBJw7QWPK5,organization
9QHDQ2PwSnMEJ5Pzw,other
dq3m4ZukTHHYd2g4H,organization
soSph9SajQd5wWtnq,organization
zkq8GY9PXmXRA3Bnh,organization
a8eng4PbME85vdoep,project
nXWTbh6zzGQXfDM5D,organization
EwGRzxJQpoeirPs56,organization
6KrsMimFJb3BiRFAp,other
ktsPJuhvTvgG3nkKn,other
5kFwcwDawAHZx6Tqd,other
MDuYB8wRcAMNpt7QL,other
ePDKZMpoGdx7J3PBh,other
6jr6HZYd2ziLxFWfp,other
ExkTWontwrYAPxGEs,other
yYHKRgLk9ufjJZn23,other
3q3mPbrqZEWARjrgE,other
j7uN8MHiqNt2gY8Sc,other
WwA9f3eCKm9yAHvKj,other
7xPfFQgL2gPPSygHd,other
cpfgq84B8XHXPWLcM,other
JAyzCQbjbaa4FXhpR,other
ZrN4MktmFnaBSqpEP,other
a4mFh3PySygwmWiAK,other
MskKEsj8nWREoMjQK,other
wHNt6XbbthLkKdLjN,other
kR8AiZwJ5SmiqysHA,other
gkdwxkYt49z4ofyrF,other
5EqJozsDdHcF7dpPL,other
ySwarSKFzxKLhCyo8,other
tZ9DkhNiDduSBqshZ,other
ZHokSM6xL8pbrcYfQ,other
xAZ4pCFtYdkMi54JS,other
KvLyxHcwCforffpkC,other
E5uGZguvMhSuuga6M,other
Zxuksovf23qWgs37J,other
bH85uy2N9vnrM8vKp,other
MJjWntfSNiP5W4KDB,other
nbjAuBFjEKaXbn4y4,other
pZqGSzFPkMCsnu5rv,other
TYEt3ZN8KwcAqQ8Nf,other
vkQcq9fmQptXwFNuQ,other
kKTxeJq8feNbvTthP,other
GAfzt6BPoNuYxKDTM,other
2mx6xrDrwiEKzfgks,organization
tWawcXaNnLAihA2Fv,other
TZEHxfH2Z3W9Cg9yL,organization
o4trFCEfhg3PKvCA4,project
WD7bFkWrR3Bu9dMnN,organization
cA9QLEyu2bRnsEPNM,other
2ffXFr2DqspSZYGvQ,organization
qmYW7nHfqaX8LekEj,organization
z4aspKHdCLbcxaaik,project
ziMZycDDeYD8ehfPk,project
Bt4nkCGHKBkDk97mn,project
Grz9kyyAvvSdnn7Le,project
sxEcd6PAQkWiH7edd,project
iaSmu3t3QKTfkyQqZ,project
7pa8JyGbgwEJy7DLW,project
QivHpLgvM4fwYKgSk,project
YhPWq784eRDr5999P,project
W6gGKCm6yEXRW5nJu,project
DTTADonxnDRoksp4E,project
